Statistic,Value
Mean,41412.69005847953
Std Dev,25527.053395837906
Std Error,1952.1025627863896
CI Lower (95%),37559.20698454009
CI Upper (95%),45266.17313241897
