,coefficient,std_err,t_value,p_value
Intercept,115017.28260869568,21489.35986139162,5.352289847188,1.1835449766690438e-05
size,73.77104037267074,11.174911050448978,6.601487925911215,4.408751595379426e-07
