Model,Specification,R²,Slope Coef
Linear,y ~ x,0.28948798339759285,5021.122947201943
Log-linear,ln(y) ~ x,0.33397183401110075,0.13142361335267083
Log-log,ln(y) ~ ln(x),0.2862482995640778,1.4775030232819364
Linear-log,y ~ ln(x),0.2307188780562911,54433.41586552207
