,earnings,education,age,gender
count,171.0,171.0,171.0,171.0
mean,41412.69005847953,14.432748538011696,30.0,0.0
std,25527.053395837906,2.735363840931817,0.0,0.0
min,1050.0,3.0,30.0,0.0
25%,25000.0,12.0,30.0,0.0
50%,36000.0,14.0,30.0,0.0
75%,49000.0,16.0,30.0,0.0
max,172000.0,20.0,30.0,0.0
