Variable,VIF
const,411.32301930794273
age,21.99618214877189
education,17.298403762559488
agebyeduc,36.880230775695026
