,age,education,agebyeduc
age,1.0,-0.03815259788743847,0.7291364948765847
education,-0.03815259788743847,1.0,0.6359607952640818
agebyeduc,0.7291364948765847,0.6359607952640818,1.0
