,revenue,lnrevenue,wins,season,playoff,champ,allstars,lncitypop
revenue,1.0,0.9895355923499857,0.31547792235014127,0.20616831121382034,0.2735008008195996,0.23994621500915314,0.2808459522859691,0.5102866126678649
lnrevenue,0.9895355923499857,1.0,0.3558973544603997,0.21684698825194845,0.314968910486008,0.23490424870993157,0.31587471445543397,0.4832774497362106
wins,0.31547792235014127,0.3558973544603997,1.0,-0.014381847837448614,0.8039912372586308,0.2677561520468468,0.46729761170979667,-0.06741451665360872
season,0.20616831121382034,0.21684698825194845,-0.014381847837448614,1.0,-0.006234310030277879,-0.0027855932207433262,-0.006058877949782752,0.00468705248044062
playoff,0.2735008008195996,0.314968910486008,0.8039912372586308,-0.006234310030277879,1.0,0.1737620117142289,0.4021635192813535,-0.044186067921189
champ,0.23994621500915314,0.23490424870993157,0.2677561520468468,-0.0027855932207433262,0.1737620117142289,1.0,0.20566361484843587,0.0899586889401931
allstars,0.2808459522859691,0.31587471445543397,0.46729761170979667,-0.006058877949782752,0.4021635192813535,0.20566361484843587,1.0,0.04837546820834732
lncitypop,0.5102866126678649,0.4832774497362106,-0.06741451665360872,0.00468705248044062,-0.044186067921189,0.0899586889401931,0.04837546820834732,1.0
