mode,Frequency,Relative Frequency
charter,452,0.3824027072758037
private,418,0.3536379018612521
pier,178,0.1505922165820643
beach,134,0.11336717428087986
