,xbar,stdev,numobs
count,400.0,400.0,400.0
mean,0.49941664934158325,0.5008261203765869,30.0
std,0.08630664646625519,0.01036038901656866,0.0
min,0.2666666805744171,0.44977644085884094,30.0
25%,0.4333333373069763,0.4982728660106659,30.0
50%,0.5,0.5040069222450256,30.0
75%,0.5666666626930237,0.5074162483215332,30.0
max,0.7333333492279053,0.5085476040840149,30.0
