,x,Eygivenx,u,y
count,5.0,5.0,5.0,5.0
mean,3.0,7.0,-1.0319079160690308,5.96809196472168
std,1.5811388492584229,3.1622776985168457,1.753558874130249,1.8971290588378906
min,1.0,3.0,-2.506667375564575,4.493332862854004
25%,2.0,5.0,-2.390763998031616,4.681282997131348
50%,3.0,7.0,-1.6332802772521973,4.689888954162598
75%,4.0,9.0,-0.3187170922756195,7.366719722747803
max,5.0,11.0,1.6898890733718872,8.609235763549805
