Variable,VIF
size,40.13383193979883
bedrooms,57.81925404705551
bathrooms,34.741906004495405
lotsize,11.969604786781451
age,21.024091726867333
monthsold,12.795556962690243
