"","coefficient","std_error","t_value","p_value"
"(Intercept)",115017.282608696,21489.3598613917,5.35228984718798,1.1835449766691e-05
"size",73.7710403726709,11.174911050449,6.60148792591122,4.40875159537939e-07
